order_id,customer_id,order_date,store_channel,payment_method,coupon_code,gross_amount,discount_amount,total_amount
ORD-202609-0004,C0017,2026-09-01 09:56:00,Online,QRIS,,715000,0,715000
ORD-202609-0127,C0035,2026-09-01 12:54:00,Toko Bandung,Debit,,420000,0,420000
ORD-202609-0082,C0054,2026-09-01 16:26:00,Online,E-Wallet,,285000,0,285000
ORD-202609-0106,C0004,2026-09-01 17:55:00,Toko Semarang,E-Wallet,,1805000,0,1805000
ORD-202609-0002,C0056,2026-09-01 18:12:00,Online,Kartu Kredit,,1070000,0,1070000
ORD-202609-0081,C0011,2026-09-01 18:38:00,Toko Bandung,Tunai,,2095000,0,2095000
ORD-202609-0056,C0004,2026-09-01 19:34:00,Toko Semarang,Kartu Kredit,,370000,0,370000
ORD-202609-0073,C0003,2026-09-01 20:43:00,Toko Jakarta,E-Wallet,,2150000,0,2150000
ORD-202609-0042,C0028,2026-09-01 21:26:00,Toko Bandung,E-Wallet,,2155000,0,2155000
ORD-202609-0032,C0021,2026-09-02 12:24:00,Toko Bandung,E-Wallet,,885000,0,885000
ORD-202609-0123,C0055,2026-09-02 14:17:00,Toko Surabaya,QRIS,,535000,0,535000
ORD-202609-0184,C0029,2026-09-02 14:23:00,Toko Semarang,Kartu Kredit,,1780000,0,1780000
ORD-202609-0096,C0059,2026-09-02 17:04:00,Toko Bandung,Debit,,650000,0,650000
ORD-202609-0063,C0014,2026-09-02 17:47:00,Toko Jakarta,Kartu Kredit,,300000,0,300000
ORD-202609-0188,C0060,2026-09-02 18:30:00,Online,Tunai,,2285000,0,2285000
ORD-202609-0197,C0035,2026-09-03 09:53:00,Online,Tunai,,2365000,0,2365000
ORD-202609-0160,C0038,2026-09-03 14:54:00,Toko Surabaya,Tunai,,320000,0,320000
ORD-202609-0161,C0015,2026-09-03 14:55:00,Toko Bandung,Debit,,840000,0,840000
ORD-202609-0075,C0043,2026-09-03 15:22:00,Online,Debit,,1095000,0,1095000
ORD-202609-0200,C0033,2026-09-03 16:34:00,Toko Semarang,QRIS,,1345000,0,1345000
ORD-202609-0162,C0013,2026-09-03 16:40:00,Toko Bandung,Kartu Kredit,,340000,0,340000
ORD-202609-0023,C0021,2026-09-03 19:18:00,Toko Semarang,QRIS,,650000,0,650000
ORD-202609-0148,C0030,2026-09-03 19:33:00,Toko Bandung,Debit,,600000,0,600000
ORD-202609-0155,C0009,2026-09-04 08:31:00,Toko Surabaya,Tunai,,1960000,0,1960000
ORD-202609-0118,C0032,2026-09-04 10:02:00,Online,QRIS,GAJIAN10,2470000,247000,2223000
ORD-202609-0152,C0044,2026-09-04 13:27:00,Toko Semarang,E-Wallet,,330000,0,330000
ORD-202609-0006,C0003,2026-09-04 14:57:00,Toko Surabaya,QRIS,,1525000,0,1525000
ORD-202609-0131,C0003,2026-09-04 15:32:00,Toko Semarang,Kartu Kredit,,615000,0,615000
ORD-202609-0070,C0018,2026-09-04 15:44:00,Toko Semarang,Tunai,,825000,0,825000
ORD-202609-0038,C0044,2026-09-04 17:01:00,Toko Surabaya,E-Wallet,,2425000,0,2425000
ORD-202609-0083,C0046,2026-09-04 18:53:00,Toko Bandung,Tunai,,440000,0,440000
ORD-202609-0128,C0023,2026-09-04 18:55:00,Toko Jakarta,Tunai,,115000,0,115000
ORD-202609-0130,C0024,2026-09-04 19:04:00,Toko Semarang,Tunai,,1265000,0,1265000
ORD-202609-0144,C0028,2026-09-04 20:17:00,Toko Semarang,Tunai,,1515000,0,1515000
ORD-202609-0059,C0037,2026-09-04 21:04:00,Online,Debit,,1075000,0,1075000
ORD-202609-0193,C0045,2026-09-05 08:18:00,Toko Jakarta,E-Wallet,,2395000,0,2395000
ORD-202609-0024,C0046,2026-09-05 10:14:00,Toko Jakarta,QRIS,,1030000,0,1030000
ORD-202609-0010,C0044,2026-09-05 11:26:00,Toko Jakarta,Tunai,,1750000,0,1750000
ORD-202609-0092,C0056,2026-09-05 16:37:00,Toko Surabaya,QRIS,,895000,0,895000
ORD-202609-0177,C0036,2026-09-05 17:45:00,Toko Surabaya,Kartu Kredit,,2450000,0,2450000
ORD-202609-0143,C0023,2026-09-05 18:30:00,Toko Semarang,Kartu Kredit,,620000,0,620000
ORD-202609-0139,C0054,2026-09-05 18:59:00,Online,QRIS,GAJIAN10,1260000,126000,1134000
ORD-202609-0060,C0016,2026-09-05 20:36:00,Online,Tunai,,2475000,0,2475000
ORD-202609-0100,C0040,2026-09-06 10:05:00,Toko Jakarta,E-Wallet,,1610000,0,1610000
ORD-202609-0183,C0052,2026-09-06 10:53:00,Toko Jakarta,E-Wallet,,1820000,0,1820000
ORD-202609-0146,C0022,2026-09-06 12:44:00,Toko Bandung,QRIS,,2000000,0,2000000
ORD-202609-0037,C0050,2026-09-06 17:38:00,Toko Jakarta,Kartu Kredit,,1960000,0,1960000
ORD-202609-0098,C0021,2026-09-06 19:19:00,Online,Kartu Kredit,GAJIAN10,2360000,236000,2124000
ORD-202609-0069,C0037,2026-09-06 20:19:00,Toko Bandung,E-Wallet,,1570000,0,1570000
ORD-202609-0147,C0005,2026-09-06 21:09:00,Toko Jakarta,QRIS,,1495000,0,1495000
ORD-202609-0164,C0042,2026-09-07 10:38:00,Online,Debit,,440000,0,440000
ORD-202609-0111,C0024,2026-09-07 10:50:00,Toko Semarang,Tunai,,1430000,0,1430000
ORD-202609-0154,C0017,2026-09-07 12:13:00,Toko Bandung,Kartu Kredit,,2010000,0,2010000
ORD-202609-0180,C0009,2026-09-07 13:49:00,Toko Jakarta,QRIS,,1290000,0,1290000
ORD-202609-0054,C0049,2026-09-07 19:30:00,Toko Semarang,Tunai,,755000,0,755000
ORD-202609-0001,C0053,2026-09-07 21:58:00,Toko Jakarta,Debit,,1225000,0,1225000
ORD-202609-0192,C0046,2026-09-08 08:20:00,Toko Bandung,Debit,,2430000,0,2430000
ORD-202609-0125,C0054,2026-09-08 10:50:00,Toko Semarang,Debit,,1495000,0,1495000
ORD-202609-0018,C0004,2026-09-08 10:51:00,Toko Semarang,Debit,,1830000,0,1830000
ORD-202609-0119,C0043,2026-09-08 16:08:00,Toko Semarang,E-Wallet,,1040000,0,1040000
ORD-202609-0199,C0006,2026-09-08 17:26:00,Toko Semarang,Kartu Kredit,,525000,0,525000
ORD-202609-0117,C0059,2026-09-08 18:04:00,Toko Bandung,E-Wallet,,1675000,0,1675000
ORD-202609-0068,C0010,2026-09-08 18:09:00,Online,QRIS,,2375000,0,2375000
ORD-202609-0015,C0016,2026-09-08 20:12:00,Toko Surabaya,Tunai,GAJIAN10,425000,42000,383000
ORD-202609-0122,C0024,2026-09-08 21:23:00,Toko Semarang,Kartu Kredit,,300000,0,300000
ORD-202609-0090,C0048,2026-09-08 21:49:00,Toko Surabaya,E-Wallet,GAJIAN10,1100000,110000,990000
ORD-202609-0072,C0054,2026-09-09 08:05:00,Toko Semarang,Tunai,,635000,0,635000
ORD-202609-0029,C0043,2026-09-09 14:31:00,Toko Surabaya,Debit,,120000,0,120000
ORD-202609-0080,C0057,2026-09-09 16:08:00,Toko Surabaya,QRIS,,2420000,0,2420000
ORD-202609-0108,C0044,2026-09-09 18:48:00,Toko Jakarta,QRIS,,1895000,0,1895000
ORD-202609-0086,C0060,2026-09-09 20:50:00,Toko Semarang,Kartu Kredit,,2235000,0,2235000
ORD-202609-0033,C0006,2026-09-09 20:53:00,Toko Surabaya,QRIS,,1125000,0,1125000
ORD-202609-0196,C0051,2026-09-10 09:03:00,Toko Semarang,E-Wallet,,660000,0,660000
ORD-202609-0055,C0024,2026-09-10 09:53:00,Toko Jakarta,Kartu Kredit,,545000,0,545000
ORD-202609-0168,C0054,2026-09-10 15:28:00,Toko Bandung,QRIS,GAJIAN10,145000,14000,131000
ORD-202609-0058,C0004,2026-09-10 15:30:00,Toko Bandung,E-Wallet,,1175000,0,1175000
ORD-202609-0014,C0006,2026-09-10 16:42:00,Toko Jakarta,Kartu Kredit,,1670000,0,1670000
ORD-202609-0181,C0035,2026-09-10 21:50:00,Toko Semarang,QRIS,,305000,0,305000
ORD-202609-0129,C0048,2026-09-11 08:11:00,Toko Surabaya,Tunai,GAJIAN10,725000,72000,653000
ORD-202609-0175,C0017,2026-09-11 09:35:00,Toko Semarang,Debit,,1785000,0,1785000
ORD-202609-0176,C0023,2026-09-11 09:37:00,Toko Bandung,E-Wallet,,1745000,0,1745000
ORD-202609-0053,C0045,2026-09-11 09:47:00,Toko Jakarta,Debit,,1420000,0,1420000
ORD-202609-0076,C0026,2026-09-11 14:44:00,Toko Semarang,QRIS,,1315000,0,1315000
ORD-202609-0171,C0004,2026-09-11 17:30:00,Toko Surabaya,QRIS,,1330000,0,1330000
ORD-202609-0166,C0005,2026-09-11 21:40:00,Toko Surabaya,E-Wallet,,855000,0,855000
ORD-202609-0114,C0035,2026-09-12 09:50:00,Online,E-Wallet,GAJIAN10,1060000,106000,954000
ORD-202609-0149,C0037,2026-09-12 12:46:00,Toko Semarang,QRIS,,880000,0,880000
ORD-202609-0099,C0027,2026-09-12 13:27:00,Toko Semarang,Debit,,420000,0,420000
ORD-202609-0051,C0048,2026-09-12 15:35:00,Toko Semarang,Kartu Kredit,,1405000,0,1405000
ORD-202609-0103,C0045,2026-09-12 17:19:00,Toko Bandung,E-Wallet,,1685000,0,1685000
ORD-202609-0079,C0049,2026-09-12 17:48:00,Online,Debit,,1325000,0,1325000
ORD-202609-0003,C0054,2026-09-12 18:32:00,Toko Semarang,Kartu Kredit,,1070000,0,1070000
ORD-202609-0186,C0019,2026-09-12 18:36:00,Toko Surabaya,Tunai,,1175000,0,1175000
ORD-202609-0115,C0025,2026-09-12 18:47:00,Toko Bandung,QRIS,,1770000,0,1770000
ORD-202609-0052,C0015,2026-09-12 19:29:00,Online,Debit,,740000,0,740000
ORD-202609-0159,C0040,2026-09-13 08:20:00,Toko Surabaya,Kartu Kredit,,485000,0,485000
ORD-202609-0091,C0010,2026-09-13 18:50:00,Toko Surabaya,QRIS,,2150000,0,2150000
ORD-202609-0026,C0055,2026-09-13 20:37:00,Toko Semarang,E-Wallet,,2470000,0,2470000
ORD-202609-0157,C0030,2026-09-13 21:47:00,Online,Kartu Kredit,,155000,0,155000
ORD-202609-0191,C0025,2026-09-14 08:25:00,Online,Kartu Kredit,,1335000,0,1335000
ORD-202609-0008,C0021,2026-09-14 09:42:00,Online,Kartu Kredit,,2405000,0,2405000
ORD-202609-0140,C0009,2026-09-14 09:47:00,Toko Semarang,QRIS,,1940000,0,1940000
ORD-202609-0136,C0042,2026-09-14 09:50:00,Toko Semarang,Debit,,1845000,0,1845000
ORD-202609-0025,C0004,2026-09-14 14:21:00,Toko Jakarta,E-Wallet,,1435000,0,1435000
ORD-202609-0065,C0003,2026-09-14 15:44:00,Toko Jakarta,Kartu Kredit,,1570000,0,1570000
ORD-202609-0137,C0053,2026-09-14 15:56:00,Toko Surabaya,E-Wallet,,630000,0,630000
ORD-202609-0138,C0043,2026-09-14 19:06:00,Toko Bandung,Kartu Kredit,,850000,0,850000
ORD-202609-0012,C0030,2026-09-14 20:37:00,Toko Surabaya,E-Wallet,,1600000,0,1600000
ORD-202609-0077,C0050,2026-09-15 09:20:00,Toko Surabaya,Tunai,,695000,0,695000
ORD-202609-0089,C0016,2026-09-15 13:55:00,Toko Semarang,E-Wallet,,530000,0,530000
ORD-202609-0088,C0049,2026-09-15 16:30:00,Toko Semarang,E-Wallet,,930000,0,930000
ORD-202609-0194,C0017,2026-09-15 17:00:00,Toko Jakarta,Debit,GAJIAN10,2365000,236000,2129000
ORD-202609-0132,C0055,2026-09-15 18:01:00,Toko Surabaya,E-Wallet,,205000,0,205000
ORD-202609-0027,C0055,2026-09-16 08:22:00,Toko Surabaya,Tunai,,810000,0,810000
ORD-202609-0047,C0018,2026-09-16 11:22:00,Toko Semarang,Kartu Kredit,,2090000,0,2090000
ORD-202609-0017,C0001,2026-09-16 14:15:00,Online,E-Wallet,,425000,0,425000
ORD-202609-0071,C0028,2026-09-16 15:05:00,Toko Bandung,Tunai,GAJIAN10,1580000,158000,1422000
ORD-202609-0094,C0026,2026-09-16 20:16:00,Online,Kartu Kredit,,915000,0,915000
ORD-202609-0009,C0045,2026-09-17 12:42:00,Toko Bandung,Tunai,,1095000,0,1095000
ORD-202609-0187,C0039,2026-09-17 14:10:00,Toko Jakarta,Kartu Kredit,,2140000,0,2140000
ORD-202609-0093,C0056,2026-09-17 15:00:00,Toko Jakarta,QRIS,,1895000,0,1895000
ORD-202609-0153,C0039,2026-09-17 18:19:00,Online,QRIS,,165000,0,165000
ORD-202609-0074,C0038,2026-09-17 18:28:00,Toko Surabaya,E-Wallet,,2395000,0,2395000
ORD-202609-0007,C0048,2026-09-17 20:34:00,Toko Jakarta,Kartu Kredit,,1805000,0,1805000
ORD-202609-0048,C0016,2026-09-18 08:33:00,Toko Surabaya,E-Wallet,,2475000,0,2475000
ORD-202609-0085,C0033,2026-09-18 10:24:00,Toko Jakarta,QRIS,,535000,0,535000
ORD-202609-0195,C0050,2026-09-18 19:38:00,Toko Bandung,Debit,,1400000,0,1400000
ORD-202609-0049,C0046,2026-09-18 20:15:00,Toko Surabaya,E-Wallet,,1815000,0,1815000
ORD-202609-0198,C0001,2026-09-19 11:45:00,Toko Semarang,Kartu Kredit,,415000,0,415000
ORD-202609-0126,C0050,2026-09-19 11:52:00,Toko Jakarta,Tunai,,2275000,0,2275000
ORD-202609-0011,C0020,2026-09-19 12:25:00,Toko Bandung,Debit,,1450000,0,1450000
ORD-202609-0105,C0054,2026-09-19 12:44:00,Toko Surabaya,Kartu Kredit,GAJIAN10,805000,80000,725000
ORD-202609-0158,C0027,2026-09-19 14:36:00,Toko Bandung,QRIS,,1085000,0,1085000
ORD-202609-0141,C0027,2026-09-19 16:35:00,Toko Bandung,E-Wallet,,890000,0,890000
ORD-202609-0170,C0029,2026-09-19 16:50:00,Toko Semarang,Debit,,1940000,0,1940000
ORD-202609-0031,C0009,2026-09-19 18:01:00,Toko Surabaya,Debit,,260000,0,260000
ORD-202609-0120,C0042,2026-09-19 19:46:00,Online,E-Wallet,,445000,0,445000
ORD-202609-0134,C0041,2026-09-20 10:04:00,Toko Semarang,Tunai,,370000,0,370000
ORD-202609-0020,C0053,2026-09-20 13:48:00,Toko Semarang,E-Wallet,,2330000,0,2330000
ORD-202609-0121,C0014,2026-09-20 14:17:00,Toko Surabaya,E-Wallet,,130000,0,130000
ORD-202609-0005,C0028,2026-09-20 14:22:00,Toko Semarang,Tunai,,1915000,0,1915000
ORD-202609-0046,C0055,2026-09-20 18:24:00,Toko Bandung,Debit,GAJIAN10,910000,91000,819000
ORD-202609-0145,C0060,2026-09-20 18:41:00,Toko Bandung,QRIS,GAJIAN10,1475000,147000,1328000
ORD-202609-0167,C0023,2026-09-21 12:50:00,Toko Semarang,QRIS,,750000,0,750000
ORD-202609-0179,C0024,2026-09-21 18:27:00,Toko Bandung,Debit,,1350000,0,1350000
ORD-202609-0169,C0033,2026-09-21 21:54:00,Toko Surabaya,E-Wallet,,280000,0,280000
ORD-202609-0064,C0005,2026-09-22 09:10:00,Toko Jakarta,QRIS,,660000,0,660000
ORD-202609-0133,C0005,2026-09-22 09:31:00,Online,Kartu Kredit,,1870000,0,1870000
ORD-202609-0036,C0045,2026-09-22 09:36:00,Toko Bandung,Kartu Kredit,,2475000,0,2475000
ORD-202609-0116,C0036,2026-09-22 11:30:00,Toko Bandung,Tunai,,110000,0,110000
ORD-202609-0013,C0051,2026-09-22 11:32:00,Toko Jakarta,QRIS,,1260000,0,1260000
ORD-202609-0124,C0002,2026-09-22 11:41:00,Online,Kartu Kredit,,1685000,0,1685000
ORD-202609-0182,C0039,2026-09-22 13:56:00,Toko Surabaya,Debit,,2010000,0,2010000
ORD-202609-0151,C0018,2026-09-22 14:31:00,Toko Jakarta,Tunai,,1600000,0,1600000
ORD-202609-0043,C0042,2026-09-23 10:27:00,Toko Bandung,Tunai,,500000,0,500000
ORD-202609-0057,C0007,2026-09-23 10:40:00,Online,Tunai,,2270000,0,2270000
ORD-202609-0039,C0041,2026-09-23 11:04:00,Toko Jakarta,QRIS,,1565000,0,1565000
ORD-202609-0156,C0052,2026-09-23 11:32:00,Toko Bandung,QRIS,,1480000,0,1480000
ORD-202609-0084,C0031,2026-09-23 12:26:00,Toko Jakarta,E-Wallet,,2185000,0,2185000
ORD-202609-0066,C0044,2026-09-23 12:44:00,Toko Jakarta,Kartu Kredit,,2250000,0,2250000
ORD-202609-0135,C0030,2026-09-23 13:24:00,Toko Semarang,Tunai,,1575000,0,1575000
ORD-202609-0173,C0011,2026-09-23 15:28:00,Toko Bandung,Kartu Kredit,,1390000,0,1390000
ORD-202609-0040,C0052,2026-09-23 20:19:00,Online,Tunai,,2225000,0,2225000
ORD-202609-0097,C0046,2026-09-24 09:27:00,Online,E-Wallet,,300000,0,300000
ORD-202609-0110,C0048,2026-09-24 10:05:00,Toko Surabaya,Debit,,2375000,0,2375000
ORD-202609-0034,C0042,2026-09-24 16:03:00,Online,QRIS,,2485000,0,2485000
ORD-202609-0028,C0015,2026-09-24 19:34:00,Toko Surabaya,Debit,,2095000,0,2095000
ORD-202609-0163,C0007,2026-09-24 21:41:00,Toko Jakarta,Kartu Kredit,,2135000,0,2135000
ORD-202609-0035,C0016,2026-09-25 08:15:00,Toko Jakarta,E-Wallet,,560000,0,560000
ORD-202609-0061,C0034,2026-09-25 14:38:00,Toko Surabaya,E-Wallet,,1575000,0,1575000
ORD-202609-0165,C0029,2026-09-25 18:31:00,Toko Semarang,Tunai,,1235000,0,1235000
ORD-202609-0185,C0020,2026-09-25 19:50:00,Toko Surabaya,Debit,DISKON25,1195000,298000,897000
ORD-202609-0050,C0016,2026-09-26 08:05:00,Toko Bandung,Tunai,AKHIRBULAN15,800000,120000,680000
ORD-202609-0041,C0005,2026-09-26 08:22:00,Toko Semarang,Kartu Kredit,GAJIAN10,1410000,141000,1269000
ORD-202609-0113,C0056,2026-09-26 09:29:00,Toko Surabaya,Tunai,DISKON25,240000,60000,180000
ORD-202609-0044,C0038,2026-09-26 16:49:00,Toko Bandung,Kartu Kredit,AKHIRBULAN15,1285000,192000,1093000
ORD-202609-0067,C0028,2026-09-26 20:40:00,Online,Tunai,,1555000,0,1555000
ORD-202609-0172,C0012,2026-09-26 21:21:00,Online,Debit,AKHIRBULAN15,1875000,281000,1594000
ORD-202609-0087,C0038,2026-09-27 08:18:00,Toko Surabaya,Debit,AKHIRBULAN15,1905000,285000,1620000
ORD-202609-0078,C0004,2026-09-27 08:42:00,Toko Jakarta,Tunai,GAJIAN10,2275000,227000,2048000
ORD-202609-0178,C0044,2026-09-27 10:42:00,Toko Semarang,QRIS,,1845000,0,1845000
ORD-202609-0107,C0015,2026-09-27 12:49:00,Toko Jakarta,Tunai,GAJIAN10,2095000,209000,1886000
ORD-202609-0190,C0057,2026-09-27 14:05:00,Toko Bandung,QRIS,,2470000,0,2470000
ORD-202609-0030,C0059,2026-09-27 15:58:00,Toko Surabaya,Tunai,,375000,0,375000
ORD-202609-0021,C0029,2026-09-27 16:28:00,Toko Bandung,Debit,GAJIAN10,2345000,234000,2111000
ORD-202609-0022,C0016,2026-09-27 18:17:00,Toko Bandung,E-Wallet,,2010000,0,2010000
ORD-202609-0189,C0058,2026-09-28 09:18:00,Toko Semarang,Debit,,260000,0,260000
ORD-202609-0045,C0016,2026-09-28 11:53:00,Toko Surabaya,Tunai,GAJIAN10,2440000,244000,2196000
ORD-202609-0104,C0025,2026-09-28 12:12:00,Toko Semarang,Kartu Kredit,,1030000,0,1030000
ORD-202609-0095,C0041,2026-09-28 18:54:00,Toko Surabaya,Tunai,GAJIAN10,1415000,141000,1274000
ORD-202609-0142,C0037,2026-09-28 19:03:00,Toko Semarang,Debit,,785000,0,785000
ORD-202609-0016,C0037,2026-09-28 20:04:00,Toko Jakarta,E-Wallet,AKHIRBULAN15,1215000,182000,1033000
ORD-202609-0150,C0006,2026-09-29 08:09:00,Toko Bandung,E-Wallet,GAJIAN10,450000,45000,405000
ORD-202609-0109,C0003,2026-09-29 18:41:00,Toko Semarang,Kartu Kredit,GAJIAN10,150000,15000,135000
ORD-202609-0102,C0011,2026-09-29 20:29:00,Online,E-Wallet,AKHIRBULAN15,2355000,353000,2002000
ORD-202609-0174,C0004,2026-09-30 12:24:00,Toko Bandung,QRIS,,1095000,0,1095000
ORD-202609-0112,C0052,2026-09-30 12:53:00,Toko Bandung,Kartu Kredit,GAJIAN10,470000,47000,423000
ORD-202609-0062,C0020,2026-09-30 15:19:00,Toko Semarang,Tunai,GAJIAN10,2250000,225000,2025000
ORD-202609-0101,C0030,2026-09-30 17:09:00,Toko Bandung,QRIS,GAJIAN10,640000,64000,576000
ORD-202609-0019,C0043,2026-09-30 21:07:00,Toko Semarang,Tunai,GAJIAN10,1215000,121000,1094000
